CREATE TABLE IF NOT EXISTS "auth_group" ("id" integer NOT NULL PRIMARY KEY AUTOINCREMENT, "name" varchar(150) NOT NULL UNIQUE);
CREATE UNIQUE INDEX "auth_group_permissions_group_id_permission_id_0cd325b0_uniq" ON "auth_group_permissions" ("group_id", "permission_id");
CREATE INDEX IF NOT EXISTS "auth_group_permissions_group_id_b120cbf9" ON "auth_group_permissions" ("group_id");
CREATE INDEX IF NOT EXISTS "auth_group_permissions_permission_id_84c5c92e" ON "auth_group_permissions" ("permission_id");
CREATE UNIQUE INDEX "auth_user_groups_user_id_group_id_94350c0c_uniq" ON "auth_user_groups" ("user_id", "group_id");
CREATE INDEX IF NOT EXISTS "auth_user_groups_user_id_6a12ed8b" ON "auth_user_groups" ("user_id");
CREATE INDEX IF NOT EXISTS "auth_user_groups_group_id_97559544" ON "auth_user_groups" ("group_id");
CREATE UNIQUE INDEX "auth_user_user_permissions_user_id_permission_id_14a6b632_uniq" ON "auth_user_user_permissions" ("user_id", "permission_id");
CREATE INDEX IF NOT EXISTS "auth_user_user_permissions_user_id_a95ead1b" ON "auth_user_user_permissions" ("user_id");
CREATE INDEX IF NOT EXISTS "auth_user_user_permissions_permission_id_1fbb5f2c" ON "auth_user_user_permissions" ("permission_id");
CREATE INDEX IF NOT EXISTS "django_admin_log_content_type_id_c4bce8eb" ON "django_admin_log" ("content_type_id");
CREATE INDEX IF NOT EXISTS "django_admin_log_user_id_c564eba6" ON "django_admin_log" ("user_id");
CREATE UNIQUE INDEX "django_content_type_app_label_model_76bd3d3b_uniq" ON "django_content_type" ("app_label", "model");
CREATE UNIQUE INDEX "auth_permission_content_type_id_codename_01ab375a_uniq" ON "auth_permission" ("content_type_id", "codename");
CREATE INDEX IF NOT EXISTS "auth_permission_content_type_id_2f476e4b" ON "auth_permission" ("content_type_id");
CREATE INDEX IF NOT EXISTS "django_session_expire_date_a5c62663" ON "django_session" ("expire_date");
CREATE INDEX IF NOT EXISTS "website_users_worker_id_id_f89b548d" ON "website_users" ("worker_id_id");
CREATE INDEX IF NOT EXISTS "website_tasks_worker_id_id_d23d0e47" ON "website_tasks" ("worker_id_id");
CREATE INDEX IF NOT EXISTS "django_apscheduler_djangojob_next_run_time_2f022619" ON "django_apscheduler_djangojob" ("next_run_time");
CREATE INDEX IF NOT EXISTS "django_apscheduler_djangojobexecution_run_time_16edd96b" ON "django_apscheduler_djangojobexecution" ("run_time");
CREATE INDEX IF NOT EXISTS "django_apscheduler_djangojobexecution_job_id_daf5090a" ON "django_apscheduler_djangojobexecution" ("job_id");
CREATE TABLE IF NOT EXISTS "auth_group_permissions" ("id" integer NOT NULL PRIMARY KEY AUTOINCREMENT, "group_id" integer NOT NULL REFERENCES "auth_group" ("id") DEFERRABLE INITIALLY DEFERRED, "permission_id" integer NOT NULL REFERENCES "auth_permission" ("id") DEFERRABLE INITIALLY DEFERRED);
CREATE UNIQUE INDEX "auth_group_permissions_group_id_permission_id_0cd325b0_uniq" ON "auth_group_permissions" ("group_id", "permission_id");
CREATE INDEX IF NOT EXISTS "auth_group_permissions_group_id_b120cbf9" ON "auth_group_permissions" ("group_id");
CREATE INDEX IF NOT EXISTS "auth_group_permissions_permission_id_84c5c92e" ON "auth_group_permissions" ("permission_id");
CREATE UNIQUE INDEX "auth_user_groups_user_id_group_id_94350c0c_uniq" ON "auth_user_groups" ("user_id", "group_id");
CREATE INDEX IF NOT EXISTS "auth_user_groups_user_id_6a12ed8b" ON "auth_user_groups" ("user_id");
CREATE INDEX IF NOT EXISTS "auth_user_groups_group_id_97559544" ON "auth_user_groups" ("group_id");
CREATE UNIQUE INDEX "auth_user_user_permissions_user_id_permission_id_14a6b632_uniq" ON "auth_user_user_permissions" ("user_id", "permission_id");
CREATE INDEX IF NOT EXISTS "auth_user_user_permissions_user_id_a95ead1b" ON "auth_user_user_permissions" ("user_id");
CREATE INDEX IF NOT EXISTS "auth_user_user_permissions_permission_id_1fbb5f2c" ON "auth_user_user_permissions" ("permission_id");
CREATE INDEX IF NOT EXISTS "django_admin_log_content_type_id_c4bce8eb" ON "django_admin_log" ("content_type_id");
CREATE INDEX IF NOT EXISTS "django_admin_log_user_id_c564eba6" ON "django_admin_log" ("user_id");
CREATE UNIQUE INDEX "django_content_type_app_label_model_76bd3d3b_uniq" ON "django_content_type" ("app_label", "model");
CREATE UNIQUE INDEX "auth_permission_content_type_id_codename_01ab375a_uniq" ON "auth_permission" ("content_type_id", "codename");
CREATE INDEX IF NOT EXISTS "auth_permission_content_type_id_2f476e4b" ON "auth_permission" ("content_type_id");
CREATE INDEX IF NOT EXISTS "django_session_expire_date_a5c62663" ON "django_session" ("expire_date");
CREATE INDEX IF NOT EXISTS "website_users_worker_id_id_f89b548d" ON "website_users" ("worker_id_id");
CREATE INDEX IF NOT EXISTS "website_tasks_worker_id_id_d23d0e47" ON "website_tasks" ("worker_id_id");
CREATE INDEX IF NOT EXISTS "django_apscheduler_djangojob_next_run_time_2f022619" ON "django_apscheduler_djangojob" ("next_run_time");
CREATE INDEX IF NOT EXISTS "django_apscheduler_djangojobexecution_run_time_16edd96b" ON "django_apscheduler_djangojobexecution" ("run_time");
CREATE INDEX IF NOT EXISTS "django_apscheduler_djangojobexecution_job_id_daf5090a" ON "django_apscheduler_djangojobexecution" ("job_id");
CREATE TABLE IF NOT EXISTS "auth_permission" ("id" integer NOT NULL PRIMARY KEY AUTOINCREMENT, "content_type_id" integer NOT NULL REFERENCES "django_content_type" ("id") DEFERRABLE INITIALLY DEFERRED, "codename" varchar(100) NOT NULL, "name" varchar(255) NOT NULL);
INSERT INTO "auth_permission" VALUES(1,1,'add_logentry','Can add log entry');
INSERT INTO "auth_permission" VALUES(2,1,'change_logentry','Can change log entry');
INSERT INTO "auth_permission" VALUES(3,1,'delete_logentry','Can delete log entry');
INSERT INTO "auth_permission" VALUES(4,1,'view_logentry','Can view log entry');
INSERT INTO "auth_permission" VALUES(5,2,'add_permission','Can add permission');
INSERT INTO "auth_permission" VALUES(6,2,'change_permission','Can change permission');
INSERT INTO "auth_permission" VALUES(7,2,'delete_permission','Can delete permission');
INSERT INTO "auth_permission" VALUES(8,2,'view_permission','Can view permission');
INSERT INTO "auth_permission" VALUES(9,3,'add_group','Can add group');
INSERT INTO "auth_permission" VALUES(10,3,'change_group','Can change group');
INSERT INTO "auth_permission" VALUES(11,3,'delete_group','Can delete group');
INSERT INTO "auth_permission" VALUES(12,3,'view_group','Can view group');
INSERT INTO "auth_permission" VALUES(13,4,'add_user','Can add user');
INSERT INTO "auth_permission" VALUES(14,4,'change_user','Can change user');
INSERT INTO "auth_permission" VALUES(15,4,'delete_user','Can delete user');
INSERT INTO "auth_permission" VALUES(16,4,'view_user','Can view user');
INSERT INTO "auth_permission" VALUES(17,5,'add_contenttype','Can add content type');
INSERT INTO "auth_permission" VALUES(18,5,'change_contenttype','Can change content type');
INSERT INTO "auth_permission" VALUES(19,5,'delete_contenttype','Can delete content type');
INSERT INTO "auth_permission" VALUES(20,5,'view_contenttype','Can view content type');
INSERT INTO "auth_permission" VALUES(21,6,'add_session','Can add session');
INSERT INTO "auth_permission" VALUES(22,6,'change_session','Can change session');
INSERT INTO "auth_permission" VALUES(23,6,'delete_session','Can delete session');
INSERT INTO "auth_permission" VALUES(24,6,'view_session','Can view session');
INSERT INTO "auth_permission" VALUES(25,7,'add_clients','Can add clients');
INSERT INTO "auth_permission" VALUES(26,7,'change_clients','Can change clients');
INSERT INTO "auth_permission" VALUES(27,7,'delete_clients','Can delete clients');
INSERT INTO "auth_permission" VALUES(28,7,'view_clients','Can view clients');
INSERT INTO "auth_permission" VALUES(29,8,'add_tasks','Can add tasks');
INSERT INTO "auth_permission" VALUES(30,8,'change_tasks','Can change tasks');
INSERT INTO "auth_permission" VALUES(31,8,'delete_tasks','Can delete tasks');
INSERT INTO "auth_permission" VALUES(32,8,'view_tasks','Can view tasks');
INSERT INTO "auth_permission" VALUES(33,9,'add_users','Can add users');
INSERT INTO "auth_permission" VALUES(34,9,'change_users','Can change users');
INSERT INTO "auth_permission" VALUES(35,9,'delete_users','Can delete users');
INSERT INTO "auth_permission" VALUES(36,9,'view_users','Can view users');
INSERT INTO "auth_permission" VALUES(37,10,'add_workers','Can add workers');
INSERT INTO "auth_permission" VALUES(38,10,'change_workers','Can change workers');
INSERT INTO "auth_permission" VALUES(39,10,'delete_workers','Can delete workers');
INSERT INTO "auth_permission" VALUES(40,10,'view_workers','Can view workers');
INSERT INTO "auth_permission" VALUES(41,11,'add_djangojob','Can add django job');
INSERT INTO "auth_permission" VALUES(42,11,'change_djangojob','Can change django job');
INSERT INTO "auth_permission" VALUES(43,11,'delete_djangojob','Can delete django job');
INSERT INTO "auth_permission" VALUES(44,11,'view_djangojob','Can view django job');
INSERT INTO "auth_permission" VALUES(45,12,'add_djangojobexecution','Can add django job execution');
INSERT INTO "auth_permission" VALUES(46,12,'change_djangojobexecution','Can change django job execution');
INSERT INTO "auth_permission" VALUES(47,12,'delete_djangojobexecution','Can delete django job execution');
INSERT INTO "auth_permission" VALUES(48,12,'view_djangojobexecution','Can view django job execution');
CREATE UNIQUE INDEX "auth_group_permissions_group_id_permission_id_0cd325b0_uniq" ON "auth_group_permissions" ("group_id", "permission_id");
CREATE INDEX IF NOT EXISTS "auth_group_permissions_group_id_b120cbf9" ON "auth_group_permissions" ("group_id");
CREATE INDEX IF NOT EXISTS "auth_group_permissions_permission_id_84c5c92e" ON "auth_group_permissions" ("permission_id");
CREATE UNIQUE INDEX "auth_user_groups_user_id_group_id_94350c0c_uniq" ON "auth_user_groups" ("user_id", "group_id");
CREATE INDEX IF NOT EXISTS "auth_user_groups_user_id_6a12ed8b" ON "auth_user_groups" ("user_id");
CREATE INDEX IF NOT EXISTS "auth_user_groups_group_id_97559544" ON "auth_user_groups" ("group_id");
CREATE UNIQUE INDEX "auth_user_user_permissions_user_id_permission_id_14a6b632_uniq" ON "auth_user_user_permissions" ("user_id", "permission_id");
CREATE INDEX IF NOT EXISTS "auth_user_user_permissions_user_id_a95ead1b" ON "auth_user_user_permissions" ("user_id");
CREATE INDEX IF NOT EXISTS "auth_user_user_permissions_permission_id_1fbb5f2c" ON "auth_user_user_permissions" ("permission_id");
CREATE INDEX IF NOT EXISTS "django_admin_log_content_type_id_c4bce8eb" ON "django_admin_log" ("content_type_id");
CREATE INDEX IF NOT EXISTS "django_admin_log_user_id_c564eba6" ON "django_admin_log" ("user_id");
CREATE UNIQUE INDEX "django_content_type_app_label_model_76bd3d3b_uniq" ON "django_content_type" ("app_label", "model");
CREATE UNIQUE INDEX "auth_permission_content_type_id_codename_01ab375a_uniq" ON "auth_permission" ("content_type_id", "codename");
CREATE INDEX IF NOT EXISTS "auth_permission_content_type_id_2f476e4b" ON "auth_permission" ("content_type_id");
CREATE INDEX IF NOT EXISTS "django_session_expire_date_a5c62663" ON "django_session" ("expire_date");
CREATE INDEX IF NOT EXISTS "website_users_worker_id_id_f89b548d" ON "website_users" ("worker_id_id");
CREATE INDEX IF NOT EXISTS "website_tasks_worker_id_id_d23d0e47" ON "website_tasks" ("worker_id_id");
CREATE INDEX IF NOT EXISTS "django_apscheduler_djangojob_next_run_time_2f022619" ON "django_apscheduler_djangojob" ("next_run_time");
CREATE INDEX IF NOT EXISTS "django_apscheduler_djangojobexecution_run_time_16edd96b" ON "django_apscheduler_djangojobexecution" ("run_time");
CREATE INDEX IF NOT EXISTS "django_apscheduler_djangojobexecution_job_id_daf5090a" ON "django_apscheduler_djangojobexecution" ("job_id");
CREATE TABLE IF NOT EXISTS "auth_user" ("id" integer NOT NULL PRIMARY KEY AUTOINCREMENT, "password" varchar(128) NOT NULL, "last_login" datetime NULL, "is_superuser" bool NOT NULL, "username" varchar(150) NOT NULL UNIQUE, "last_name" varchar(150) NOT NULL, "email" varchar(254) NOT NULL, "is_staff" bool NOT NULL, "is_active" bool NOT NULL, "date_joined" datetime NOT NULL, "first_name" varchar(150) NOT NULL);
CREATE UNIQUE INDEX "auth_group_permissions_group_id_permission_id_0cd325b0_uniq" ON "auth_group_permissions" ("group_id", "permission_id");
CREATE INDEX IF NOT EXISTS "auth_group_permissions_group_id_b120cbf9" ON "auth_group_permissions" ("group_id");
CREATE INDEX IF NOT EXISTS "auth_group_permissions_permission_id_84c5c92e" ON "auth_group_permissions" ("permission_id");
CREATE UNIQUE INDEX "auth_user_groups_user_id_group_id_94350c0c_uniq" ON "auth_user_groups" ("user_id", "group_id");
CREATE INDEX IF NOT EXISTS "auth_user_groups_user_id_6a12ed8b" ON "auth_user_groups" ("user_id");
CREATE INDEX IF NOT EXISTS "auth_user_groups_group_id_97559544" ON "auth_user_groups" ("group_id");
CREATE UNIQUE INDEX "auth_user_user_permissions_user_id_permission_id_14a6b632_uniq" ON "auth_user_user_permissions" ("user_id", "permission_id");
CREATE INDEX IF NOT EXISTS "auth_user_user_permissions_user_id_a95ead1b" ON "auth_user_user_permissions" ("user_id");
CREATE INDEX IF NOT EXISTS "auth_user_user_permissions_permission_id_1fbb5f2c" ON "auth_user_user_permissions" ("permission_id");
CREATE INDEX IF NOT EXISTS "django_admin_log_content_type_id_c4bce8eb" ON "django_admin_log" ("content_type_id");
CREATE INDEX IF NOT EXISTS "django_admin_log_user_id_c564eba6" ON "django_admin_log" ("user_id");
CREATE UNIQUE INDEX "django_content_type_app_label_model_76bd3d3b_uniq" ON "django_content_type" ("app_label", "model");
CREATE UNIQUE INDEX "auth_permission_content_type_id_codename_01ab375a_uniq" ON "auth_permission" ("content_type_id", "codename");
CREATE INDEX IF NOT EXISTS "auth_permission_content_type_id_2f476e4b" ON "auth_permission" ("content_type_id");
CREATE INDEX IF NOT EXISTS "django_session_expire_date_a5c62663" ON "django_session" ("expire_date");
CREATE INDEX IF NOT EXISTS "website_users_worker_id_id_f89b548d" ON "website_users" ("worker_id_id");
CREATE INDEX IF NOT EXISTS "website_tasks_worker_id_id_d23d0e47" ON "website_tasks" ("worker_id_id");
CREATE INDEX IF NOT EXISTS "django_apscheduler_djangojob_next_run_time_2f022619" ON "django_apscheduler_djangojob" ("next_run_time");
CREATE INDEX IF NOT EXISTS "django_apscheduler_djangojobexecution_run_time_16edd96b" ON "django_apscheduler_djangojobexecution" ("run_time");
CREATE INDEX IF NOT EXISTS "django_apscheduler_djangojobexecution_job_id_daf5090a" ON "django_apscheduler_djangojobexecution" ("job_id");
CREATE TABLE IF NOT EXISTS "auth_user_groups" ("id" integer NOT NULL PRIMARY KEY AUTOINCREMENT, "user_id" integer NOT NULL REFERENCES "auth_user" ("id") DEFERRABLE INITIALLY DEFERRED, "group_id" integer NOT NULL REFERENCES "auth_group" ("id") DEFERRABLE INITIALLY DEFERRED);
CREATE UNIQUE INDEX "auth_group_permissions_group_id_permission_id_0cd325b0_uniq" ON "auth_group_permissions" ("group_id", "permission_id");
CREATE INDEX IF NOT EXISTS "auth_group_permissions_group_id_b120cbf9" ON "auth_group_permissions" ("group_id");
CREATE INDEX IF NOT EXISTS "auth_group_permissions_permission_id_84c5c92e" ON "auth_group_permissions" ("permission_id");
CREATE UNIQUE INDEX "auth_user_groups_user_id_group_id_94350c0c_uniq" ON "auth_user_groups" ("user_id", "group_id");
CREATE INDEX IF NOT EXISTS "auth_user_groups_user_id_6a12ed8b" ON "auth_user_groups" ("user_id");
CREATE INDEX IF NOT EXISTS "auth_user_groups_group_id_97559544" ON "auth_user_groups" ("group_id");
CREATE UNIQUE INDEX "auth_user_user_permissions_user_id_permission_id_14a6b632_uniq" ON "auth_user_user_permissions" ("user_id", "permission_id");
CREATE INDEX IF NOT EXISTS "auth_user_user_permissions_user_id_a95ead1b" ON "auth_user_user_permissions" ("user_id");
CREATE INDEX IF NOT EXISTS "auth_user_user_permissions_permission_id_1fbb5f2c" ON "auth_user_user_permissions" ("permission_id");
CREATE INDEX IF NOT EXISTS "django_admin_log_content_type_id_c4bce8eb" ON "django_admin_log" ("content_type_id");
CREATE INDEX IF NOT EXISTS "django_admin_log_user_id_c564eba6" ON "django_admin_log" ("user_id");
CREATE UNIQUE INDEX "django_content_type_app_label_model_76bd3d3b_uniq" ON "django_content_type" ("app_label", "model");
CREATE UNIQUE INDEX "auth_permission_content_type_id_codename_01ab375a_uniq" ON "auth_permission" ("content_type_id", "codename");
CREATE INDEX IF NOT EXISTS "auth_permission_content_type_id_2f476e4b" ON "auth_permission" ("content_type_id");
CREATE INDEX IF NOT EXISTS "django_session_expire_date_a5c62663" ON "django_session" ("expire_date");
CREATE INDEX IF NOT EXISTS "website_users_worker_id_id_f89b548d" ON "website_users" ("worker_id_id");
CREATE INDEX IF NOT EXISTS "website_tasks_worker_id_id_d23d0e47" ON "website_tasks" ("worker_id_id");
CREATE INDEX IF NOT EXISTS "django_apscheduler_djangojob_next_run_time_2f022619" ON "django_apscheduler_djangojob" ("next_run_time");
CREATE INDEX IF NOT EXISTS "django_apscheduler_djangojobexecution_run_time_16edd96b" ON "django_apscheduler_djangojobexecution" ("run_time");
CREATE INDEX IF NOT EXISTS "django_apscheduler_djangojobexecution_job_id_daf5090a" ON "django_apscheduler_djangojobexecution" ("job_id");
CREATE TABLE IF NOT EXISTS "auth_user_user_permissions" ("id" integer NOT NULL PRIMARY KEY AUTOINCREMENT, "user_id" integer NOT NULL REFERENCES "auth_user" ("id") DEFERRABLE INITIALLY DEFERRED, "permission_id" integer NOT NULL REFERENCES "auth_permission" ("id") DEFERRABLE INITIALLY DEFERRED);
CREATE UNIQUE INDEX "auth_group_permissions_group_id_permission_id_0cd325b0_uniq" ON "auth_group_permissions" ("group_id", "permission_id");
CREATE INDEX IF NOT EXISTS "auth_group_permissions_group_id_b120cbf9" ON "auth_group_permissions" ("group_id");
CREATE INDEX IF NOT EXISTS "auth_group_permissions_permission_id_84c5c92e" ON "auth_group_permissions" ("permission_id");
CREATE UNIQUE INDEX "auth_user_groups_user_id_group_id_94350c0c_uniq" ON "auth_user_groups" ("user_id", "group_id");
CREATE INDEX IF NOT EXISTS "auth_user_groups_user_id_6a12ed8b" ON "auth_user_groups" ("user_id");
CREATE INDEX IF NOT EXISTS "auth_user_groups_group_id_97559544" ON "auth_user_groups" ("group_id");
CREATE UNIQUE INDEX "auth_user_user_permissions_user_id_permission_id_14a6b632_uniq" ON "auth_user_user_permissions" ("user_id", "permission_id");
CREATE INDEX IF NOT EXISTS "auth_user_user_permissions_user_id_a95ead1b" ON "auth_user_user_permissions" ("user_id");
CREATE INDEX IF NOT EXISTS "auth_user_user_permissions_permission_id_1fbb5f2c" ON "auth_user_user_permissions" ("permission_id");
CREATE INDEX IF NOT EXISTS "django_admin_log_content_type_id_c4bce8eb" ON "django_admin_log" ("content_type_id");
CREATE INDEX IF NOT EXISTS "django_admin_log_user_id_c564eba6" ON "django_admin_log" ("user_id");
CREATE UNIQUE INDEX "django_content_type_app_label_model_76bd3d3b_uniq" ON "django_content_type" ("app_label", "model");
CREATE UNIQUE INDEX "auth_permission_content_type_id_codename_01ab375a_uniq" ON "auth_permission" ("content_type_id", "codename");
CREATE INDEX IF NOT EXISTS "auth_permission_content_type_id_2f476e4b" ON "auth_permission" ("content_type_id");
CREATE INDEX IF NOT EXISTS "django_session_expire_date_a5c62663" ON "django_session" ("expire_date");
CREATE INDEX IF NOT EXISTS "website_users_worker_id_id_f89b548d" ON "website_users" ("worker_id_id");
CREATE INDEX IF NOT EXISTS "website_tasks_worker_id_id_d23d0e47" ON "website_tasks" ("worker_id_id");
CREATE INDEX IF NOT EXISTS "django_apscheduler_djangojob_next_run_time_2f022619" ON "django_apscheduler_djangojob" ("next_run_time");
CREATE INDEX IF NOT EXISTS "django_apscheduler_djangojobexecution_run_time_16edd96b" ON "django_apscheduler_djangojobexecution" ("run_time");
CREATE INDEX IF NOT EXISTS "django_apscheduler_djangojobexecution_job_id_daf5090a" ON "django_apscheduler_djangojobexecution" ("job_id");
CREATE TABLE IF NOT EXISTS "django_admin_log" ("id" integer NOT NULL PRIMARY KEY AUTOINCREMENT, "object_id" text NULL, "object_repr" varchar(200) NOT NULL, "action_flag" smallint unsigned NOT NULL CHECK ("action_flag" >= 0), "change_message" text NOT NULL, "content_type_id" integer NULL REFERENCES "django_content_type" ("id") DEFERRABLE INITIALLY DEFERRED, "user_id" integer NOT NULL REFERENCES "auth_user" ("id") DEFERRABLE INITIALLY DEFERRED, "action_time" datetime NOT NULL);
CREATE UNIQUE INDEX "auth_group_permissions_group_id_permission_id_0cd325b0_uniq" ON "auth_group_permissions" ("group_id", "permission_id");
CREATE INDEX IF NOT EXISTS "auth_group_permissions_group_id_b120cbf9" ON "auth_group_permissions" ("group_id");
CREATE INDEX IF NOT EXISTS "auth_group_permissions_permission_id_84c5c92e" ON "auth_group_permissions" ("permission_id");
CREATE UNIQUE INDEX "auth_user_groups_user_id_group_id_94350c0c_uniq" ON "auth_user_groups" ("user_id", "group_id");
CREATE INDEX IF NOT EXISTS "auth_user_groups_user_id_6a12ed8b" ON "auth_user_groups" ("user_id");
CREATE INDEX IF NOT EXISTS "auth_user_groups_group_id_97559544" ON "auth_user_groups" ("group_id");
CREATE UNIQUE INDEX "auth_user_user_permissions_user_id_permission_id_14a6b632_uniq" ON "auth_user_user_permissions" ("user_id", "permission_id");
CREATE INDEX IF NOT EXISTS "auth_user_user_permissions_user_id_a95ead1b" ON "auth_user_user_permissions" ("user_id");
CREATE INDEX IF NOT EXISTS "auth_user_user_permissions_permission_id_1fbb5f2c" ON "auth_user_user_permissions" ("permission_id");
CREATE INDEX IF NOT EXISTS "django_admin_log_content_type_id_c4bce8eb" ON "django_admin_log" ("content_type_id");
CREATE INDEX IF NOT EXISTS "django_admin_log_user_id_c564eba6" ON "django_admin_log" ("user_id");
CREATE UNIQUE INDEX "django_content_type_app_label_model_76bd3d3b_uniq" ON "django_content_type" ("app_label", "model");
CREATE UNIQUE INDEX "auth_permission_content_type_id_codename_01ab375a_uniq" ON "auth_permission" ("content_type_id", "codename");
CREATE INDEX IF NOT EXISTS "auth_permission_content_type_id_2f476e4b" ON "auth_permission" ("content_type_id");
CREATE INDEX IF NOT EXISTS "django_session_expire_date_a5c62663" ON "django_session" ("expire_date");
CREATE INDEX IF NOT EXISTS "website_users_worker_id_id_f89b548d" ON "website_users" ("worker_id_id");
CREATE INDEX IF NOT EXISTS "website_tasks_worker_id_id_d23d0e47" ON "website_tasks" ("worker_id_id");
CREATE INDEX IF NOT EXISTS "django_apscheduler_djangojob_next_run_time_2f022619" ON "django_apscheduler_djangojob" ("next_run_time");
CREATE INDEX IF NOT EXISTS "django_apscheduler_djangojobexecution_run_time_16edd96b" ON "django_apscheduler_djangojobexecution" ("run_time");
CREATE INDEX IF NOT EXISTS "django_apscheduler_djangojobexecution_job_id_daf5090a" ON "django_apscheduler_djangojobexecution" ("job_id");
CREATE TABLE IF NOT EXISTS "django_apscheduler_djangojob" ("id" varchar(255) NOT NULL PRIMARY KEY, "next_run_time" datetime NULL, "job_state" BLOB NOT NULL);
CREATE UNIQUE INDEX "auth_group_permissions_group_id_permission_id_0cd325b0_uniq" ON "auth_group_permissions" ("group_id", "permission_id");
CREATE INDEX IF NOT EXISTS "auth_group_permissions_group_id_b120cbf9" ON "auth_group_permissions" ("group_id");
CREATE INDEX IF NOT EXISTS "auth_group_permissions_permission_id_84c5c92e" ON "auth_group_permissions" ("permission_id");
CREATE UNIQUE INDEX "auth_user_groups_user_id_group_id_94350c0c_uniq" ON "auth_user_groups" ("user_id", "group_id");
CREATE INDEX IF NOT EXISTS "auth_user_groups_user_id_6a12ed8b" ON "auth_user_groups" ("user_id");
CREATE INDEX IF NOT EXISTS "auth_user_groups_group_id_97559544" ON "auth_user_groups" ("group_id");
CREATE UNIQUE INDEX "auth_user_user_permissions_user_id_permission_id_14a6b632_uniq" ON "auth_user_user_permissions" ("user_id", "permission_id");
CREATE INDEX IF NOT EXISTS "auth_user_user_permissions_user_id_a95ead1b" ON "auth_user_user_permissions" ("user_id");
CREATE INDEX IF NOT EXISTS "auth_user_user_permissions_permission_id_1fbb5f2c" ON "auth_user_user_permissions" ("permission_id");
CREATE INDEX IF NOT EXISTS "django_admin_log_content_type_id_c4bce8eb" ON "django_admin_log" ("content_type_id");
CREATE INDEX IF NOT EXISTS "django_admin_log_user_id_c564eba6" ON "django_admin_log" ("user_id");
CREATE UNIQUE INDEX "django_content_type_app_label_model_76bd3d3b_uniq" ON "django_content_type" ("app_label", "model");
CREATE UNIQUE INDEX "auth_permission_content_type_id_codename_01ab375a_uniq" ON "auth_permission" ("content_type_id", "codename");
CREATE INDEX IF NOT EXISTS "auth_permission_content_type_id_2f476e4b" ON "auth_permission" ("content_type_id");
CREATE INDEX IF NOT EXISTS "django_session_expire_date_a5c62663" ON "django_session" ("expire_date");
CREATE INDEX IF NOT EXISTS "website_users_worker_id_id_f89b548d" ON "website_users" ("worker_id_id");
CREATE INDEX IF NOT EXISTS "website_tasks_worker_id_id_d23d0e47" ON "website_tasks" ("worker_id_id");
CREATE INDEX IF NOT EXISTS "django_apscheduler_djangojob_next_run_time_2f022619" ON "django_apscheduler_djangojob" ("next_run_time");
CREATE INDEX IF NOT EXISTS "django_apscheduler_djangojobexecution_run_time_16edd96b" ON "django_apscheduler_djangojobexecution" ("run_time");
CREATE INDEX IF NOT EXISTS "django_apscheduler_djangojobexecution_job_id_daf5090a" ON "django_apscheduler_djangojobexecution" ("job_id");
CREATE TABLE IF NOT EXISTS "django_apscheduler_djangojobexecution" ("id" integer NOT NULL PRIMARY KEY AUTOINCREMENT, "status" varchar(50) NOT NULL, "run_time" datetime NOT NULL, "duration" decimal NULL, "finished" decimal NULL, "exception" varchar(1000) NULL, "traceback" text NULL, "job_id" varchar(255) NOT NULL REFERENCES "django_apscheduler_djangojob" ("id") DEFERRABLE INITIALLY DEFERRED, CONSTRAINT "unique_job_executions" UNIQUE ("job_id", "run_time"));
CREATE UNIQUE INDEX "auth_group_permissions_group_id_permission_id_0cd325b0_uniq" ON "auth_group_permissions" ("group_id", "permission_id");
CREATE INDEX IF NOT EXISTS "auth_group_permissions_group_id_b120cbf9" ON "auth_group_permissions" ("group_id");
CREATE INDEX IF NOT EXISTS "auth_group_permissions_permission_id_84c5c92e" ON "auth_group_permissions" ("permission_id");
CREATE UNIQUE INDEX "auth_user_groups_user_id_group_id_94350c0c_uniq" ON "auth_user_groups" ("user_id", "group_id");
CREATE INDEX IF NOT EXISTS "auth_user_groups_user_id_6a12ed8b" ON "auth_user_groups" ("user_id");
CREATE INDEX IF NOT EXISTS "auth_user_groups_group_id_97559544" ON "auth_user_groups" ("group_id");
CREATE UNIQUE INDEX "auth_user_user_permissions_user_id_permission_id_14a6b632_uniq" ON "auth_user_user_permissions" ("user_id", "permission_id");
CREATE INDEX IF NOT EXISTS "auth_user_user_permissions_user_id_a95ead1b" ON "auth_user_user_permissions" ("user_id");
CREATE INDEX IF NOT EXISTS "auth_user_user_permissions_permission_id_1fbb5f2c" ON "auth_user_user_permissions" ("permission_id");
CREATE INDEX IF NOT EXISTS "django_admin_log_content_type_id_c4bce8eb" ON "django_admin_log" ("content_type_id");
CREATE INDEX IF NOT EXISTS "django_admin_log_user_id_c564eba6" ON "django_admin_log" ("user_id");
CREATE UNIQUE INDEX "django_content_type_app_label_model_76bd3d3b_uniq" ON "django_content_type" ("app_label", "model");
CREATE UNIQUE INDEX "auth_permission_content_type_id_codename_01ab375a_uniq" ON "auth_permission" ("content_type_id", "codename");
CREATE INDEX IF NOT EXISTS "auth_permission_content_type_id_2f476e4b" ON "auth_permission" ("content_type_id");
CREATE INDEX IF NOT EXISTS "django_session_expire_date_a5c62663" ON "django_session" ("expire_date");
CREATE INDEX IF NOT EXISTS "website_users_worker_id_id_f89b548d" ON "website_users" ("worker_id_id");
CREATE INDEX IF NOT EXISTS "website_tasks_worker_id_id_d23d0e47" ON "website_tasks" ("worker_id_id");
CREATE INDEX IF NOT EXISTS "django_apscheduler_djangojob_next_run_time_2f022619" ON "django_apscheduler_djangojob" ("next_run_time");
CREATE INDEX IF NOT EXISTS "django_apscheduler_djangojobexecution_run_time_16edd96b" ON "django_apscheduler_djangojobexecution" ("run_time");
CREATE INDEX IF NOT EXISTS "django_apscheduler_djangojobexecution_job_id_daf5090a" ON "django_apscheduler_djangojobexecution" ("job_id");
CREATE TABLE IF NOT EXISTS "django_content_type" ("id" integer NOT NULL PRIMARY KEY AUTOINCREMENT, "app_label" varchar(100) NOT NULL, "model" varchar(100) NOT NULL);
INSERT INTO "django_content_type" VALUES(1,'admin','logentry');
INSERT INTO "django_content_type" VALUES(2,'auth','permission');
INSERT INTO "django_content_type" VALUES(3,'auth','group');
INSERT INTO "django_content_type" VALUES(4,'auth','user');
INSERT INTO "django_content_type" VALUES(5,'contenttypes','contenttype');
INSERT INTO "django_content_type" VALUES(6,'sessions','session');
INSERT INTO "django_content_type" VALUES(7,'website','clients');
INSERT INTO "django_content_type" VALUES(8,'website','tasks');
INSERT INTO "django_content_type" VALUES(9,'website','users');
INSERT INTO "django_content_type" VALUES(10,'website','workers');
INSERT INTO "django_content_type" VALUES(11,'django_apscheduler','djangojob');
INSERT INTO "django_content_type" VALUES(12,'django_apscheduler','djangojobexecution');
CREATE UNIQUE INDEX "auth_group_permissions_group_id_permission_id_0cd325b0_uniq" ON "auth_group_permissions" ("group_id", "permission_id");
CREATE INDEX IF NOT EXISTS "auth_group_permissions_group_id_b120cbf9" ON "auth_group_permissions" ("group_id");
CREATE INDEX IF NOT EXISTS "auth_group_permissions_permission_id_84c5c92e" ON "auth_group_permissions" ("permission_id");
CREATE UNIQUE INDEX "auth_user_groups_user_id_group_id_94350c0c_uniq" ON "auth_user_groups" ("user_id", "group_id");
CREATE INDEX IF NOT EXISTS "auth_user_groups_user_id_6a12ed8b" ON "auth_user_groups" ("user_id");
CREATE INDEX IF NOT EXISTS "auth_user_groups_group_id_97559544" ON "auth_user_groups" ("group_id");
CREATE UNIQUE INDEX "auth_user_user_permissions_user_id_permission_id_14a6b632_uniq" ON "auth_user_user_permissions" ("user_id", "permission_id");
CREATE INDEX IF NOT EXISTS "auth_user_user_permissions_user_id_a95ead1b" ON "auth_user_user_permissions" ("user_id");
CREATE INDEX IF NOT EXISTS "auth_user_user_permissions_permission_id_1fbb5f2c" ON "auth_user_user_permissions" ("permission_id");
CREATE INDEX IF NOT EXISTS "django_admin_log_content_type_id_c4bce8eb" ON "django_admin_log" ("content_type_id");
CREATE INDEX IF NOT EXISTS "django_admin_log_user_id_c564eba6" ON "django_admin_log" ("user_id");
CREATE UNIQUE INDEX "django_content_type_app_label_model_76bd3d3b_uniq" ON "django_content_type" ("app_label", "model");
CREATE UNIQUE INDEX "auth_permission_content_type_id_codename_01ab375a_uniq" ON "auth_permission" ("content_type_id", "codename");
CREATE INDEX IF NOT EXISTS "auth_permission_content_type_id_2f476e4b" ON "auth_permission" ("content_type_id");
CREATE INDEX IF NOT EXISTS "django_session_expire_date_a5c62663" ON "django_session" ("expire_date");
CREATE INDEX IF NOT EXISTS "website_users_worker_id_id_f89b548d" ON "website_users" ("worker_id_id");
CREATE INDEX IF NOT EXISTS "website_tasks_worker_id_id_d23d0e47" ON "website_tasks" ("worker_id_id");
CREATE INDEX IF NOT EXISTS "django_apscheduler_djangojob_next_run_time_2f022619" ON "django_apscheduler_djangojob" ("next_run_time");
CREATE INDEX IF NOT EXISTS "django_apscheduler_djangojobexecution_run_time_16edd96b" ON "django_apscheduler_djangojobexecution" ("run_time");
CREATE INDEX IF NOT EXISTS "django_apscheduler_djangojobexecution_job_id_daf5090a" ON "django_apscheduler_djangojobexecution" ("job_id");
CREATE TABLE IF NOT EXISTS "django_migrations" ("id" integer NOT NULL PRIMARY KEY AUTOINCREMENT, "app" varchar(255) NOT NULL, "name" varchar(255) NOT NULL, "applied" datetime NOT NULL);
INSERT INTO "django_migrations" VALUES(1,'contenttypes','0001_initial','2024-03-05 19:14:12.203898');
INSERT INTO "django_migrations" VALUES(2,'auth','0001_initial','2024-03-05 19:14:12.218875');
INSERT INTO "django_migrations" VALUES(3,'admin','0001_initial','2024-03-05 19:14:12.228908');
INSERT INTO "django_migrations" VALUES(4,'admin','0002_logentry_remove_auto_add','2024-03-05 19:14:12.241110');
INSERT INTO "django_migrations" VALUES(5,'admin','0003_logentry_add_action_flag_choices','2024-03-05 19:14:12.247899');
INSERT INTO "django_migrations" VALUES(6,'contenttypes','0002_remove_content_type_name','2024-03-05 19:14:12.279906');
INSERT INTO "django_migrations" VALUES(7,'auth','0002_alter_permission_name_max_length','2024-03-05 19:14:12.290035');
INSERT INTO "django_migrations" VALUES(8,'auth','0003_alter_user_email_max_length','2024-03-05 19:14:12.299924');
INSERT INTO "django_migrations" VALUES(9,'auth','0004_alter_user_username_opts','2024-03-05 19:14:12.306650');
INSERT INTO "django_migrations" VALUES(10,'auth','0005_alter_user_last_login_null','2024-03-05 19:14:12.316652');
INSERT INTO "django_migrations" VALUES(11,'auth','0006_require_contenttypes_0002','2024-03-05 19:14:12.319956');
INSERT INTO "django_migrations" VALUES(12,'auth','0007_alter_validators_add_error_messages','2024-03-05 19:14:12.327748');
INSERT INTO "django_migrations" VALUES(13,'auth','0008_alter_user_username_max_length','2024-03-05 19:14:12.337732');
INSERT INTO "django_migrations" VALUES(14,'auth','0009_alter_user_last_name_max_length','2024-03-05 19:14:12.346423');
INSERT INTO "django_migrations" VALUES(15,'auth','0010_alter_group_name_max_length','2024-03-05 19:14:12.356751');
INSERT INTO "django_migrations" VALUES(16,'auth','0011_update_proxy_permissions','2024-03-05 19:14:12.363955');
INSERT INTO "django_migrations" VALUES(17,'auth','0012_alter_user_first_name_max_length','2024-03-05 19:14:12.373958');
INSERT INTO "django_migrations" VALUES(18,'sessions','0001_initial','2024-03-05 19:14:12.381945');
INSERT INTO "django_migrations" VALUES(19,'website','0001_initial','2024-03-05 19:14:12.386947');
INSERT INTO "django_migrations" VALUES(20,'website','0002_clients_tasks_users_workers_delete_fruit_and_more','2024-03-05 19:14:12.399958');
INSERT INTO "django_migrations" VALUES(21,'django_apscheduler','0001_initial','2024-03-05 20:50:30.419058');
INSERT INTO "django_migrations" VALUES(22,'django_apscheduler','0002_auto_20180412_0758','2024-03-05 20:50:30.430073');
INSERT INTO "django_migrations" VALUES(23,'django_apscheduler','0003_auto_20200716_1632','2024-03-05 20:50:30.450063');
INSERT INTO "django_migrations" VALUES(24,'django_apscheduler','0004_auto_20200717_1043','2024-03-05 20:50:30.466076');
INSERT INTO "django_migrations" VALUES(25,'django_apscheduler','0005_migrate_name_to_id','2024-03-05 20:50:30.481071');
INSERT INTO "django_migrations" VALUES(26,'django_apscheduler','0006_remove_djangojob_name','2024-03-05 20:50:30.492087');
INSERT INTO "django_migrations" VALUES(27,'django_apscheduler','0007_auto_20200717_1404','2024-03-05 20:50:30.505090');
INSERT INTO "django_migrations" VALUES(28,'django_apscheduler','0008_remove_djangojobexecution_started','2024-03-05 20:50:30.514162');
INSERT INTO "django_migrations" VALUES(29,'django_apscheduler','0009_djangojobexecution_unique_job_executions','2024-03-05 20:50:30.524164');
CREATE UNIQUE INDEX "auth_group_permissions_group_id_permission_id_0cd325b0_uniq" ON "auth_group_permissions" ("group_id", "permission_id");
CREATE INDEX IF NOT EXISTS "auth_group_permissions_group_id_b120cbf9" ON "auth_group_permissions" ("group_id");
CREATE INDEX IF NOT EXISTS "auth_group_permissions_permission_id_84c5c92e" ON "auth_group_permissions" ("permission_id");
CREATE UNIQUE INDEX "auth_user_groups_user_id_group_id_94350c0c_uniq" ON "auth_user_groups" ("user_id", "group_id");
CREATE INDEX IF NOT EXISTS "auth_user_groups_user_id_6a12ed8b" ON "auth_user_groups" ("user_id");
CREATE INDEX IF NOT EXISTS "auth_user_groups_group_id_97559544" ON "auth_user_groups" ("group_id");
CREATE UNIQUE INDEX "auth_user_user_permissions_user_id_permission_id_14a6b632_uniq" ON "auth_user_user_permissions" ("user_id", "permission_id");
CREATE INDEX IF NOT EXISTS "auth_user_user_permissions_user_id_a95ead1b" ON "auth_user_user_permissions" ("user_id");
CREATE INDEX IF NOT EXISTS "auth_user_user_permissions_permission_id_1fbb5f2c" ON "auth_user_user_permissions" ("permission_id");
CREATE INDEX IF NOT EXISTS "django_admin_log_content_type_id_c4bce8eb" ON "django_admin_log" ("content_type_id");
CREATE INDEX IF NOT EXISTS "django_admin_log_user_id_c564eba6" ON "django_admin_log" ("user_id");
CREATE UNIQUE INDEX "django_content_type_app_label_model_76bd3d3b_uniq" ON "django_content_type" ("app_label", "model");
CREATE UNIQUE INDEX "auth_permission_content_type_id_codename_01ab375a_uniq" ON "auth_permission" ("content_type_id", "codename");
CREATE INDEX IF NOT EXISTS "auth_permission_content_type_id_2f476e4b" ON "auth_permission" ("content_type_id");
CREATE INDEX IF NOT EXISTS "django_session_expire_date_a5c62663" ON "django_session" ("expire_date");
CREATE INDEX IF NOT EXISTS "website_users_worker_id_id_f89b548d" ON "website_users" ("worker_id_id");
CREATE INDEX IF NOT EXISTS "website_tasks_worker_id_id_d23d0e47" ON "website_tasks" ("worker_id_id");
CREATE INDEX IF NOT EXISTS "django_apscheduler_djangojob_next_run_time_2f022619" ON "django_apscheduler_djangojob" ("next_run_time");
CREATE INDEX IF NOT EXISTS "django_apscheduler_djangojobexecution_run_time_16edd96b" ON "django_apscheduler_djangojobexecution" ("run_time");
CREATE INDEX IF NOT EXISTS "django_apscheduler_djangojobexecution_job_id_daf5090a" ON "django_apscheduler_djangojobexecution" ("job_id");
CREATE TABLE IF NOT EXISTS "django_session" ("session_key" varchar(40) NOT NULL PRIMARY KEY, "session_data" text NOT NULL, "expire_date" datetime NOT NULL);
CREATE UNIQUE INDEX "auth_group_permissions_group_id_permission_id_0cd325b0_uniq" ON "auth_group_permissions" ("group_id", "permission_id");
CREATE INDEX IF NOT EXISTS "auth_group_permissions_group_id_b120cbf9" ON "auth_group_permissions" ("group_id");
CREATE INDEX IF NOT EXISTS "auth_group_permissions_permission_id_84c5c92e" ON "auth_group_permissions" ("permission_id");
CREATE UNIQUE INDEX "auth_user_groups_user_id_group_id_94350c0c_uniq" ON "auth_user_groups" ("user_id", "group_id");
CREATE INDEX IF NOT EXISTS "auth_user_groups_user_id_6a12ed8b" ON "auth_user_groups" ("user_id");
CREATE INDEX IF NOT EXISTS "auth_user_groups_group_id_97559544" ON "auth_user_groups" ("group_id");
CREATE UNIQUE INDEX "auth_user_user_permissions_user_id_permission_id_14a6b632_uniq" ON "auth_user_user_permissions" ("user_id", "permission_id");
CREATE INDEX IF NOT EXISTS "auth_user_user_permissions_user_id_a95ead1b" ON "auth_user_user_permissions" ("user_id");
CREATE INDEX IF NOT EXISTS "auth_user_user_permissions_permission_id_1fbb5f2c" ON "auth_user_user_permissions" ("permission_id");
CREATE INDEX IF NOT EXISTS "django_admin_log_content_type_id_c4bce8eb" ON "django_admin_log" ("content_type_id");
CREATE INDEX IF NOT EXISTS "django_admin_log_user_id_c564eba6" ON "django_admin_log" ("user_id");
CREATE UNIQUE INDEX "django_content_type_app_label_model_76bd3d3b_uniq" ON "django_content_type" ("app_label", "model");
CREATE UNIQUE INDEX "auth_permission_content_type_id_codename_01ab375a_uniq" ON "auth_permission" ("content_type_id", "codename");
CREATE INDEX IF NOT EXISTS "auth_permission_content_type_id_2f476e4b" ON "auth_permission" ("content_type_id");
CREATE INDEX IF NOT EXISTS "django_session_expire_date_a5c62663" ON "django_session" ("expire_date");
CREATE INDEX IF NOT EXISTS "website_users_worker_id_id_f89b548d" ON "website_users" ("worker_id_id");
CREATE INDEX IF NOT EXISTS "website_tasks_worker_id_id_d23d0e47" ON "website_tasks" ("worker_id_id");
CREATE INDEX IF NOT EXISTS "django_apscheduler_djangojob_next_run_time_2f022619" ON "django_apscheduler_djangojob" ("next_run_time");
CREATE INDEX IF NOT EXISTS "django_apscheduler_djangojobexecution_run_time_16edd96b" ON "django_apscheduler_djangojobexecution" ("run_time");
CREATE INDEX IF NOT EXISTS "django_apscheduler_djangojobexecution_job_id_daf5090a" ON "django_apscheduler_djangojobexecution" ("job_id");
CREATE TABLE IF NOT EXISTS "website_clients" ("id" integer NOT NULL PRIMARY KEY AUTOINCREMENT, "name" varchar(256) NOT NULL, "surname" varchar(256) NOT NULL, "patronymic" varchar(256) NOT NULL, "phone" varchar(256) NOT NULL, "register_date" date NOT NULL);
CREATE UNIQUE INDEX "auth_group_permissions_group_id_permission_id_0cd325b0_uniq" ON "auth_group_permissions" ("group_id", "permission_id");
CREATE INDEX IF NOT EXISTS "auth_group_permissions_group_id_b120cbf9" ON "auth_group_permissions" ("group_id");
CREATE INDEX IF NOT EXISTS "auth_group_permissions_permission_id_84c5c92e" ON "auth_group_permissions" ("permission_id");
CREATE UNIQUE INDEX "auth_user_groups_user_id_group_id_94350c0c_uniq" ON "auth_user_groups" ("user_id", "group_id");
CREATE INDEX IF NOT EXISTS "auth_user_groups_user_id_6a12ed8b" ON "auth_user_groups" ("user_id");
CREATE INDEX IF NOT EXISTS "auth_user_groups_group_id_97559544" ON "auth_user_groups" ("group_id");
CREATE UNIQUE INDEX "auth_user_user_permissions_user_id_permission_id_14a6b632_uniq" ON "auth_user_user_permissions" ("user_id", "permission_id");
CREATE INDEX IF NOT EXISTS "auth_user_user_permissions_user_id_a95ead1b" ON "auth_user_user_permissions" ("user_id");
CREATE INDEX IF NOT EXISTS "auth_user_user_permissions_permission_id_1fbb5f2c" ON "auth_user_user_permissions" ("permission_id");
CREATE INDEX IF NOT EXISTS "django_admin_log_content_type_id_c4bce8eb" ON "django_admin_log" ("content_type_id");
CREATE INDEX IF NOT EXISTS "django_admin_log_user_id_c564eba6" ON "django_admin_log" ("user_id");
CREATE UNIQUE INDEX "django_content_type_app_label_model_76bd3d3b_uniq" ON "django_content_type" ("app_label", "model");
CREATE UNIQUE INDEX "auth_permission_content_type_id_codename_01ab375a_uniq" ON "auth_permission" ("content_type_id", "codename");
CREATE INDEX IF NOT EXISTS "auth_permission_content_type_id_2f476e4b" ON "auth_permission" ("content_type_id");
CREATE INDEX IF NOT EXISTS "django_session_expire_date_a5c62663" ON "django_session" ("expire_date");
CREATE INDEX IF NOT EXISTS "website_users_worker_id_id_f89b548d" ON "website_users" ("worker_id_id");
CREATE INDEX IF NOT EXISTS "website_tasks_worker_id_id_d23d0e47" ON "website_tasks" ("worker_id_id");
CREATE INDEX IF NOT EXISTS "django_apscheduler_djangojob_next_run_time_2f022619" ON "django_apscheduler_djangojob" ("next_run_time");
CREATE INDEX IF NOT EXISTS "django_apscheduler_djangojobexecution_run_time_16edd96b" ON "django_apscheduler_djangojobexecution" ("run_time");
CREATE INDEX IF NOT EXISTS "django_apscheduler_djangojobexecution_job_id_daf5090a" ON "django_apscheduler_djangojobexecution" ("job_id");
CREATE TABLE IF NOT EXISTS "website_tasks" ("id" integer NOT NULL PRIMARY KEY AUTOINCREMENT, "name" varchar(256) NOT NULL, "status" integer NOT NULL, "begin_date" date NOT NULL, "end_date" date NOT NULL, "worker_id_id" bigint NOT NULL REFERENCES "website_workers" ("id") DEFERRABLE INITIALLY DEFERRED);
CREATE UNIQUE INDEX "auth_group_permissions_group_id_permission_id_0cd325b0_uniq" ON "auth_group_permissions" ("group_id", "permission_id");
CREATE INDEX IF NOT EXISTS "auth_group_permissions_group_id_b120cbf9" ON "auth_group_permissions" ("group_id");
CREATE INDEX IF NOT EXISTS "auth_group_permissions_permission_id_84c5c92e" ON "auth_group_permissions" ("permission_id");
CREATE UNIQUE INDEX "auth_user_groups_user_id_group_id_94350c0c_uniq" ON "auth_user_groups" ("user_id", "group_id");
CREATE INDEX IF NOT EXISTS "auth_user_groups_user_id_6a12ed8b" ON "auth_user_groups" ("user_id");
CREATE INDEX IF NOT EXISTS "auth_user_groups_group_id_97559544" ON "auth_user_groups" ("group_id");
CREATE UNIQUE INDEX "auth_user_user_permissions_user_id_permission_id_14a6b632_uniq" ON "auth_user_user_permissions" ("user_id", "permission_id");
CREATE INDEX IF NOT EXISTS "auth_user_user_permissions_user_id_a95ead1b" ON "auth_user_user_permissions" ("user_id");
CREATE INDEX IF NOT EXISTS "auth_user_user_permissions_permission_id_1fbb5f2c" ON "auth_user_user_permissions" ("permission_id");
CREATE INDEX IF NOT EXISTS "django_admin_log_content_type_id_c4bce8eb" ON "django_admin_log" ("content_type_id");
CREATE INDEX IF NOT EXISTS "django_admin_log_user_id_c564eba6" ON "django_admin_log" ("user_id");
CREATE UNIQUE INDEX "django_content_type_app_label_model_76bd3d3b_uniq" ON "django_content_type" ("app_label", "model");
CREATE UNIQUE INDEX "auth_permission_content_type_id_codename_01ab375a_uniq" ON "auth_permission" ("content_type_id", "codename");
CREATE INDEX IF NOT EXISTS "auth_permission_content_type_id_2f476e4b" ON "auth_permission" ("content_type_id");
CREATE INDEX IF NOT EXISTS "django_session_expire_date_a5c62663" ON "django_session" ("expire_date");
CREATE INDEX IF NOT EXISTS "website_users_worker_id_id_f89b548d" ON "website_users" ("worker_id_id");
CREATE INDEX IF NOT EXISTS "website_tasks_worker_id_id_d23d0e47" ON "website_tasks" ("worker_id_id");
CREATE INDEX IF NOT EXISTS "django_apscheduler_djangojob_next_run_time_2f022619" ON "django_apscheduler_djangojob" ("next_run_time");
CREATE INDEX IF NOT EXISTS "django_apscheduler_djangojobexecution_run_time_16edd96b" ON "django_apscheduler_djangojobexecution" ("run_time");
CREATE INDEX IF NOT EXISTS "django_apscheduler_djangojobexecution_job_id_daf5090a" ON "django_apscheduler_djangojobexecution" ("job_id");
CREATE TABLE IF NOT EXISTS "website_users" ("id" integer NOT NULL PRIMARY KEY AUTOINCREMENT, "name" varchar(256) NOT NULL, "login" varchar(256) NOT NULL, "password" varchar(256) NOT NULL, "status" integer NOT NULL, "worker_id_id" bigint NOT NULL REFERENCES "website_workers" ("id") DEFERRABLE INITIALLY DEFERRED);
CREATE UNIQUE INDEX "auth_group_permissions_group_id_permission_id_0cd325b0_uniq" ON "auth_group_permissions" ("group_id", "permission_id");
CREATE INDEX IF NOT EXISTS "auth_group_permissions_group_id_b120cbf9" ON "auth_group_permissions" ("group_id");
CREATE INDEX IF NOT EXISTS "auth_group_permissions_permission_id_84c5c92e" ON "auth_group_permissions" ("permission_id");
CREATE UNIQUE INDEX "auth_user_groups_user_id_group_id_94350c0c_uniq" ON "auth_user_groups" ("user_id", "group_id");
CREATE INDEX IF NOT EXISTS "auth_user_groups_user_id_6a12ed8b" ON "auth_user_groups" ("user_id");
CREATE INDEX IF NOT EXISTS "auth_user_groups_group_id_97559544" ON "auth_user_groups" ("group_id");
CREATE UNIQUE INDEX "auth_user_user_permissions_user_id_permission_id_14a6b632_uniq" ON "auth_user_user_permissions" ("user_id", "permission_id");
CREATE INDEX IF NOT EXISTS "auth_user_user_permissions_user_id_a95ead1b" ON "auth_user_user_permissions" ("user_id");
CREATE INDEX IF NOT EXISTS "auth_user_user_permissions_permission_id_1fbb5f2c" ON "auth_user_user_permissions" ("permission_id");
CREATE INDEX IF NOT EXISTS "django_admin_log_content_type_id_c4bce8eb" ON "django_admin_log" ("content_type_id");
CREATE INDEX IF NOT EXISTS "django_admin_log_user_id_c564eba6" ON "django_admin_log" ("user_id");
CREATE UNIQUE INDEX "django_content_type_app_label_model_76bd3d3b_uniq" ON "django_content_type" ("app_label", "model");
CREATE UNIQUE INDEX "auth_permission_content_type_id_codename_01ab375a_uniq" ON "auth_permission" ("content_type_id", "codename");
CREATE INDEX IF NOT EXISTS "auth_permission_content_type_id_2f476e4b" ON "auth_permission" ("content_type_id");
CREATE INDEX IF NOT EXISTS "django_session_expire_date_a5c62663" ON "django_session" ("expire_date");
CREATE INDEX IF NOT EXISTS "website_users_worker_id_id_f89b548d" ON "website_users" ("worker_id_id");
CREATE INDEX IF NOT EXISTS "website_tasks_worker_id_id_d23d0e47" ON "website_tasks" ("worker_id_id");
CREATE INDEX IF NOT EXISTS "django_apscheduler_djangojob_next_run_time_2f022619" ON "django_apscheduler_djangojob" ("next_run_time");
CREATE INDEX IF NOT EXISTS "django_apscheduler_djangojobexecution_run_time_16edd96b" ON "django_apscheduler_djangojobexecution" ("run_time");
CREATE INDEX IF NOT EXISTS "django_apscheduler_djangojobexecution_job_id_daf5090a" ON "django_apscheduler_djangojobexecution" ("job_id");
CREATE TABLE IF NOT EXISTS "website_workers" ("id" integer NOT NULL PRIMARY KEY AUTOINCREMENT, "name" varchar(256) NOT NULL, "surname" varchar(256) NOT NULL, "patronymic" varchar(256) NOT NULL);
CREATE UNIQUE INDEX "auth_group_permissions_group_id_permission_id_0cd325b0_uniq" ON "auth_group_permissions" ("group_id", "permission_id");
CREATE INDEX IF NOT EXISTS "auth_group_permissions_group_id_b120cbf9" ON "auth_group_permissions" ("group_id");
CREATE INDEX IF NOT EXISTS "auth_group_permissions_permission_id_84c5c92e" ON "auth_group_permissions" ("permission_id");
CREATE UNIQUE INDEX "auth_user_groups_user_id_group_id_94350c0c_uniq" ON "auth_user_groups" ("user_id", "group_id");
CREATE INDEX IF NOT EXISTS "auth_user_groups_user_id_6a12ed8b" ON "auth_user_groups" ("user_id");
CREATE INDEX IF NOT EXISTS "auth_user_groups_group_id_97559544" ON "auth_user_groups" ("group_id");
CREATE UNIQUE INDEX "auth_user_user_permissions_user_id_permission_id_14a6b632_uniq" ON "auth_user_user_permissions" ("user_id", "permission_id");
CREATE INDEX IF NOT EXISTS "auth_user_user_permissions_user_id_a95ead1b" ON "auth_user_user_permissions" ("user_id");
CREATE INDEX IF NOT EXISTS "auth_user_user_permissions_permission_id_1fbb5f2c" ON "auth_user_user_permissions" ("permission_id");
CREATE INDEX IF NOT EXISTS "django_admin_log_content_type_id_c4bce8eb" ON "django_admin_log" ("content_type_id");
CREATE INDEX IF NOT EXISTS "django_admin_log_user_id_c564eba6" ON "django_admin_log" ("user_id");
CREATE UNIQUE INDEX "django_content_type_app_label_model_76bd3d3b_uniq" ON "django_content_type" ("app_label", "model");
CREATE UNIQUE INDEX "auth_permission_content_type_id_codename_01ab375a_uniq" ON "auth_permission" ("content_type_id", "codename");
CREATE INDEX IF NOT EXISTS "auth_permission_content_type_id_2f476e4b" ON "auth_permission" ("content_type_id");
CREATE INDEX IF NOT EXISTS "django_session_expire_date_a5c62663" ON "django_session" ("expire_date");
CREATE INDEX IF NOT EXISTS "website_users_worker_id_id_f89b548d" ON "website_users" ("worker_id_id");
CREATE INDEX IF NOT EXISTS "website_tasks_worker_id_id_d23d0e47" ON "website_tasks" ("worker_id_id");
CREATE INDEX IF NOT EXISTS "django_apscheduler_djangojob_next_run_time_2f022619" ON "django_apscheduler_djangojob" ("next_run_time");
CREATE INDEX IF NOT EXISTS "django_apscheduler_djangojobexecution_run_time_16edd96b" ON "django_apscheduler_djangojobexecution" ("run_time");
CREATE INDEX IF NOT EXISTS "django_apscheduler_djangojobexecution_job_id_daf5090a" ON "django_apscheduler_djangojobexecution" ("job_id");
